Price,Close
Ticker,SBUX
2020-10-22,80.04332733154297
2020-10-23,81.33319091796875
2020-10-24,81.33319091796875
2020-10-25,81.33319091796875
2020-10-26,80.31204223632812
2020-10-27,80.66139221191406
2020-10-28,78.0816421508789
2020-10-29,79.09383392333984
2020-10-30,77.8935546875
2020-10-31,77.8935546875
2020-11-01,77.8935546875
2020-11-02,77.00676727294922
2020-11-03,79.17445373535156
2020-11-04,80.4284896850586
2020-11-05,81.1719741821289
2020-11-06,81.19883728027344
2020-11-07,81.19883728027344
2020-11-08,81.19883728027344
2020-11-09,85.883544921875
2020-11-10,84.52461242675781
2020-11-11,85.53257751464844
2020-11-12,84.17362213134766
2020-11-13,86.00054168701172
2020-11-14,86.00054168701172
2020-11-15,86.00054168701172
2020-11-16,87.99846649169922
2020-11-17,88.73641967773438
2020-11-18,88.115478515625
2020-11-19,87.98047637939453
2020-11-20,87.30550384521484
2020-11-21,87.30550384521484
2020-11-22,87.30550384521484
2020-11-23,87.18850708007812
2020-11-24,88.4664535522461
2020-11-25,88.3764419555664
2020-11-26,88.3764419555664
2020-11-27,88.7904281616211
2020-11-28,88.7904281616211
2020-11-29,88.7904281616211
2020-11-30,88.21443939208984
2020-12-01,88.93444061279297
2020-12-02,89.01542663574219
2020-12-03,90.09538269042969
2020-12-04,92.0483169555664
2020-12-05,92.0483169555664
2020-12-06,92.0483169555664
2020-12-07,91.26534271240234
2020-12-08,91.08534240722656
2020-12-09,90.35636138916016
2020-12-10,94.84718322753906
2020-12-11,92.6962661743164
2020-12-12,92.6962661743164
2020-12-13,92.6962661743164
2020-12-14,92.98426055908203
2020-12-15,93.75824737548828
2020-12-16,92.93924713134766
2020-12-17,92.88526153564453
2020-12-18,92.9482650756836
2020-12-19,92.9482650756836
2020-12-20,92.9482650756836
2020-12-21,92.64228820800781
2020-12-22,92.16529083251953
2020-12-23,91.85031127929688
2020-12-24,91.80531311035156
2020-12-25,91.80531311035156
2020-12-26,91.80531311035156
2020-12-27,91.80531311035156
2020-12-28,93.90221405029297
2020-12-29,95.06317138671875
2020-12-30,95.36917877197266
2020-12-31,96.27812957763672
2021-01-01,96.27812957763672
2021-01-02,96.27812957763672
2021-01-03,96.27812957763672
2021-01-04,92.78626251220703
2021-01-05,93.09228515625
2021-01-06,93.7672348022461
2021-01-07,93.01126098632812
2021-01-08,95.09918212890625
2021-01-09,95.09918212890625
2021-01-10,95.09918212890625
2021-01-11,94.13621520996094
2021-01-12,92.53429412841797
2021-01-13,92.59728240966797
2021-01-14,91.63431549072266
2021-01-15,92.09331512451172
2021-01-16,92.09331512451172
2021-01-17,92.09331512451172
2021-01-18,92.09331512451172
2021-01-19,92.28230285644531
2021-01-20,94.91019439697266
2021-01-21,94.11821746826172
2021-01-22,93.51526641845703
2021-01-23,93.51526641845703
2021-01-24,93.51526641845703
2021-01-25,93.10127258300781
2021-01-26,94.21722412109375
2021-01-27,88.07947540283203
2021-01-28,88.33145141601562
2021-01-29,87.12550354003906
2021-01-30,87.12550354003906
2021-01-31,87.12550354003906
2021-02-01,88.71845245361328
2021-02-02,91.48131561279297
2021-02-03,90.91435241699219
2021-02-04,93.27226257324219
2021-02-05,95.82815551757812
2021-02-06,95.82815551757812
2021-02-07,95.82815551757812
2021-02-08,95.6301498413086
2021-02-09,95.59416198730469
2021-02-10,95.27918243408203
2021-02-11,95.2701644897461
2021-02-12,94.7662124633789
2021-02-13,94.7662124633789
2021-02-14,94.7662124633789
2021-02-15,94.7662124633789
2021-02-16,95.53116607666016
2021-02-17,94.39237976074219
2021-02-18,94.87139129638672
2021-02-19,93.42532348632812
2021-02-20,93.42532348632812
2021-02-21,93.42532348632812
2021-02-22,92.01539611816406
2021-02-23,91.61775207519531
2021-02-24,94.33815002441406
2021-02-25,93.51569366455078
2021-02-26,97.6369857788086
2021-02-27,97.6369857788086
2021-02-28,97.6369857788086
2021-03-01,96.5886001586914
2021-03-02,96.88685607910156
2021-03-03,96.00112915039062
2021-03-04,94.7990951538086
2021-03-05,95.07926177978516
2021-03-06,95.07926177978516
2021-03-07,95.07926177978516
2021-03-08,94.92562866210938
2021-03-09,96.29939270019531
2021-03-10,97.41104888916016
2021-03-11,96.99530792236328
2021-03-12,97.43818664550781
2021-03-13,97.43818664550781
2021-03-14,97.43818664550781
2021-03-15,98.42330932617188
2021-03-16,100.6285629272461
2021-03-17,99.83323669433594
2021-03-18,97.26644897460938
2021-03-19,96.10958099365234
2021-03-20,96.10958099365234
2021-03-21,96.10958099365234
2021-03-22,97.22126007080078
2021-03-23,96.02826690673828
2021-03-24,94.87139129638672
2021-03-25,97.02241516113281
2021-03-26,99.32711791992188
2021-03-27,99.32711791992188
2021-03-28,99.32711791992188
2021-03-29,98.63117980957031
2021-03-30,99.6614990234375
2021-03-31,98.75769805908203
2021-04-01,98.85712432861328
2021-04-02,98.85712432861328
2021-04-03,98.85712432861328
2021-04-04,98.85712432861328
2021-04-05,100.33934020996094
2021-04-06,102.26444244384766
2021-04-07,102.30060577392578
2021-04-08,102.16502380371094
2021-04-09,102.29155731201172
2021-04-10,102.29155731201172
2021-04-11,102.29155731201172
2021-04-12,102.86093139648438
2021-04-13,104.26182556152344
2021-04-14,104.0810775756836
2021-04-15,105.43675231933594
2021-04-16,106.95512390136719
2021-04-17,106.95512390136719
2021-04-18,106.95512390136719
2021-04-19,106.28633117675781
2021-04-20,105.08428192138672
2021-04-21,105.50904083251953
2021-04-22,104.76793670654297
2021-04-23,106.25017547607422
2021-04-24,106.25017547607422
2021-04-25,106.25017547607422
2021-04-26,104.76793670654297
2021-04-27,104.975830078125
2021-04-28,101.58659362792969
2021-04-29,103.60203552246094
2021-04-30,103.47553253173828
2021-05-01,103.47553253173828
2021-05-02,103.47553253173828
2021-05-03,104.58720397949219
2021-05-04,103.13207244873047
2021-05-05,102.56269073486328
2021-05-06,103.70147705078125
2021-05-07,103.33995056152344
2021-05-08,103.33995056152344
2021-05-09,103.33995056152344
2021-05-10,103.30380249023438
2021-05-11,102.6259765625
2021-05-12,99.62248992919922
2021-05-13,100.25765991210938
2021-05-14,100.90190124511719
2021-05-15,100.90190124511719
2021-05-16,100.90190124511719
2021-05-17,100.7022705078125
2021-05-18,100.78395080566406
2021-05-19,99.51358795166016
2021-05-20,101.09246826171875
2021-05-21,100.64783477783203
2021-05-22,100.64783477783203
2021-05-23,100.64783477783203
2021-05-24,102.09966278076172
2021-05-25,102.1994857788086
2021-05-26,102.39910888671875
2021-05-27,102.99797821044922
2021-05-28,103.3337173461914
2021-05-29,103.3337173461914
2021-05-30,103.3337173461914
2021-05-31,103.3337173461914
2021-06-01,102.84371185302734
2021-06-02,102.53520965576172
2021-06-03,100.8293228149414
2021-06-04,101.61875915527344
2021-06-05,101.61875915527344
2021-06-06,101.61875915527344
2021-06-07,101.01986694335938
2021-06-08,101.19226837158203
2021-06-09,101.07431030273438
2021-06-10,101.81837463378906
2021-06-11,102.13594055175781
2021-06-12,102.13594055175781
2021-06-13,102.13594055175781
2021-06-14,102.03614807128906
2021-06-15,101.52800750732422
2021-06-16,101.04710388183594
2021-06-17,101.07431030273438
2021-06-18,99.54083251953125
2021-06-19,99.54083251953125
2021-06-20,99.54083251953125
2021-06-21,100.69322204589844
2021-06-22,101.49171447753906
2021-06-23,101.22856903076172
2021-06-24,101.61875915527344
2021-06-25,102.57152557373047
2021-06-26,102.57152557373047
2021-06-27,102.57152557373047
2021-06-28,101.8455810546875
2021-06-29,101.87281799316406
2021-06-30,101.45541381835938
2021-07-01,102.9072494506836
2021-07-02,104.3227767944336
2021-07-03,104.3227767944336
2021-07-04,104.3227767944336
2021-07-05,104.3227767944336
2021-07-06,105.01240539550781
2021-07-07,106.29180908203125
2021-07-08,105.24832153320312
2021-07-09,106.59124755859375
2021-07-10,106.59124755859375
2021-07-11,106.59124755859375
2021-07-12,107.48956298828125
2021-07-13,108.47863006591797
2021-07-14,108.7054672241211
2021-07-15,107.95233917236328
2021-07-16,107.73457336425781
2021-07-17,107.73457336425781
2021-07-18,107.73457336425781
2021-07-19,104.64036560058594
2021-07-20,106.54588317871094
2021-07-21,108.22457122802734
2021-07-22,111.27339935302734
2021-07-23,114.30408477783203
2021-07-24,114.30408477783203
2021-07-25,114.30408477783203
2021-07-26,114.38574981689453
2021-07-27,114.3585205078125
2021-07-28,111.07376861572266
2021-07-29,111.04654693603516
2021-07-30,110.18451690673828
2021-07-31,110.18451690673828
2021-08-01,110.18451690673828
2021-08-02,109.2226791381836
2021-08-03,108.09752655029297
2021-08-04,107.29903411865234
2021-08-05,108.00678253173828
2021-08-06,108.02493286132812
2021-08-07,108.02493286132812
2021-08-08,108.02493286132812
2021-08-09,107.0177230834961
2021-08-10,105.61126708984375
2021-08-11,106.12136840820312
2021-08-12,105.43819427490234
2021-08-13,106.35821533203125
2021-08-14,106.35821533203125
2021-08-15,106.35821533203125
2021-08-16,107.06871795654297
2021-08-17,106.18514251708984
2021-08-18,105.37444305419922
2021-08-19,104.13558197021484
2021-08-20,104.41795349121094
2021-08-21,104.41795349121094
2021-08-22,104.41795349121094
2021-08-23,104.89165496826172
2021-08-24,104.82788848876953
2021-08-25,105.27421569824219
2021-08-26,104.13558197021484
2021-08-27,104.86431884765625
2021-08-28,104.86431884765625
2021-08-29,104.86431884765625
2021-08-30,105.31066131591797
2021-08-31,107.02318572998047
2021-09-01,106.98675537109375
2021-09-02,106.91386413574219
2021-09-03,106.74991607666016
2021-09-04,106.74991607666016
2021-09-05,106.74991607666016
2021-09-06,106.74991607666016
2021-09-07,105.47464752197266
2021-09-08,107.52420043945312
2021-09-09,108.2073745727539
2021-09-10,108.7083740234375
2021-09-11,108.7083740234375
2021-09-12,108.7083740234375
2021-09-13,108.56263732910156
2021-09-14,108.2711410522461
2021-09-15,104.4271011352539
2021-09-16,104.45441436767578
2021-09-17,103.3066635131836
2021-09-18,103.3066635131836
2021-09-19,103.3066635131836
2021-09-20,101.8582992553711
2021-09-21,102.22267150878906
2021-09-22,102.9969482421875
2021-09-23,103.97162628173828
2021-09-24,103.94429779052734
2021-09-25,103.94429779052734
2021-09-26,103.94429779052734
2021-09-27,103.5525894165039
2021-09-28,101.75810241699219
2021-09-29,102.17713165283203
2021-09-30,100.48281860351562
2021-10-01,102.86030578613281
2021-10-02,102.86030578613281
2021-10-03,102.86030578613281
2021-10-04,101.5303726196289
2021-10-05,100.97472381591797
2021-10-06,101.6943359375
2021-10-07,102.21356201171875
2021-10-08,101.311767578125
2021-10-09,101.311767578125
2021-10-10,101.311767578125
2021-10-11,101.05670928955078
2021-10-12,101.11136627197266
2021-10-13,100.89275360107422
2021-10-14,101.90384674072266
2021-10-15,101.52127075195312
2021-10-16,101.52127075195312
2021-10-17,101.52127075195312
2021-10-18,103.27023315429688
2021-10-19,103.3795394897461
2021-10-20,103.71656799316406
2021-10-21,104.2448959350586
2021-10-22,104.34510803222656
2021-10-23,104.34510803222656
2021-10-24,104.34510803222656
2021-10-25,104.49085235595703
2021-10-26,104.68212890625
2021-10-27,103.39775085449219
2021-10-28,103.11536407470703
2021-10-29,96.62055206298828
2021-10-30,96.62055206298828
2021-10-31,96.62055206298828
2021-11-01,100.01827239990234
2021-11-02,101.52127075195312
2021-11-03,102.57791900634766
2021-11-04,102.16803741455078
2021-11-05,106.49485778808594
2021-11-06,106.49485778808594
2021-11-07,106.49485778808594
2021-11-08,104.90076446533203
2021-11-09,103.96251678466797
2021-11-10,103.6057357788086
2021-11-11,101.9498519897461
2021-11-12,102.20603942871094
2021-11-13,102.20603942871094
2021-11-14,102.20603942871094
2021-11-15,102.3432388305664
2021-11-16,102.67259216308594
2021-11-17,102.93788146972656
2021-11-18,103.28553009033203
2021-11-19,101.34605407714844
2021-11-20,101.34605407714844
2021-11-21,101.34605407714844
2021-11-22,101.95899963378906
2021-11-23,103.90763854980469
2021-11-24,104.26441955566406
2021-11-25,104.26441955566406
2021-11-26,101.23628997802734
2021-11-27,101.23628997802734
2021-11-28,101.23628997802734
2021-11-29,101.30032348632812
2021-11-30,100.30316162109375
2021-12-01,99.40663146972656
2021-12-02,101.93156433105469
2021-12-03,101.76691436767578
2021-12-04,101.76691436767578
2021-12-05,101.76691436767578
2021-12-06,103.70635223388672
2021-12-07,106.35940551757812
2021-12-08,106.35025787353516
2021-12-09,105.52688598632812
2021-12-10,106.78938293457031
2021-12-11,106.78938293457031
2021-12-12,106.78938293457031
2021-12-13,105.718994140625
2021-12-14,104.94139862060547
2021-12-15,104.91395568847656
2021-12-16,103.91677856445312
2021-12-17,99.37915802001953
2021-12-18,99.37915802001953
2021-12-19,99.37915802001953
2021-12-20,98.88513946533203
2021-12-21,100.97097778320312
2021-12-22,102.22431945800781
2021-12-23,102.8006820678711
2021-12-24,102.8006820678711
2021-12-25,102.8006820678711
2021-12-26,102.8006820678711
2021-12-27,104.49311065673828
2021-12-28,105.72815704345703
2021-12-29,106.46917724609375
2021-12-30,106.34111022949219
2021-12-31,107.00894165039062
2022-01-01,107.00894165039062
2022-01-02,107.00894165039062
2022-01-03,106.7436294555664
2022-01-04,104.51142120361328
2022-01-05,101.0350341796875
2022-01-06,101.67540740966797
2022-01-07,98.409423828125
2022-01-08,98.409423828125
2022-01-09,98.409423828125
2022-01-10,97.00057220458984
2022-01-11,95.18003845214844
2022-01-12,95.02452850341797
2022-01-13,93.67971801757812
2022-01-14,91.59387969970703
2022-01-15,91.59387969970703
2022-01-16,91.59387969970703
2022-01-17,91.59387969970703
2022-01-18,89.40740966796875
2022-01-19,88.6206283569336
2022-01-20,87.56855773925781
2022-01-21,88.10832977294922
2022-01-22,88.10832977294922
2022-01-23,88.10832977294922
2022-01-24,89.74588775634766
2022-01-25,88.74870300292969
2022-01-26,87.44049072265625
2022-01-27,87.20262145996094
2022-01-28,88.93168640136719
2022-01-29,88.93168640136719
2022-01-30,88.93168640136719
2022-01-31,89.94715881347656
2022-02-01,90.34967803955078
2022-02-02,89.40740966796875
2022-02-03,87.76984405517578
2022-02-04,86.90986633300781
2022-02-05,86.90986633300781
2022-02-06,86.90986633300781
2022-02-07,87.08370971679688
2022-02-08,86.8366928100586
2022-02-09,88.85848236083984
2022-02-10,87.63558197021484
2022-02-11,86.18280792236328
2022-02-12,86.18280792236328
2022-02-13,86.18280792236328
2022-02-14,86.1092529296875
2022-02-15,86.90000915527344
2022-02-16,87.51604461669922
2022-02-17,85.55757141113281
2022-02-18,85.82421112060547
2022-02-19,85.82421112060547
2022-02-20,85.82421112060547
2022-02-21,85.82421112060547
2022-02-22,85.61273193359375
2022-02-23,82.43132781982422
2022-02-24,83.68181610107422
2022-02-25,85.12541198730469
2022-02-26,85.12541198730469
2022-02-27,85.12541198730469
2022-02-28,84.39901733398438
2022-03-01,82.88186645507812
2022-03-02,85.30010986328125
2022-03-03,84.15994262695312
2022-03-04,82.78072357177734
2022-03-05,82.78072357177734
2022-03-06,82.78072357177734
2022-03-07,77.65923309326172
2022-03-08,77.23627471923828
2022-03-09,80.54638671875
2022-03-10,80.14183044433594
2022-03-11,76.06852722167969
2022-03-12,76.06852722167969
2022-03-13,76.06852722167969
2022-03-14,72.905517578125
2022-03-15,76.42711639404297
2022-03-16,80.3717041015625
2022-03-17,80.60157012939453
2022-03-18,82.38534545898438
2022-03-19,82.38534545898438
2022-03-20,82.38534545898438
2022-03-21,79.865966796875
2022-03-22,80.81303405761719
2022-03-23,79.27751159667969
2022-03-24,80.10505676269531
2022-03-25,80.40846252441406
2022-03-26,80.40846252441406
2022-03-27,80.40846252441406
2022-03-28,81.26360321044922
2022-03-29,83.88409423828125
2022-03-30,83.70020294189453
2022-03-31,83.6450424194336
2022-04-01,84.1231689453125
2022-04-02,84.1231689453125
2022-04-03,84.1231689453125
2022-04-04,80.99691772460938
2022-04-05,77.34661102294922
2022-04-06,76.64781188964844
2022-04-07,76.42711639404297
2022-04-08,74.95594787597656
2022-04-09,74.95594787597656
2022-04-10,74.95594787597656
2022-04-11,74.18360900878906
2022-04-12,73.36527252197266
2022-04-13,74.40426635742188
2022-04-14,73.0986099243164
2022-04-15,73.0986099243164
2022-04-16,73.0986099243164
2022-04-17,73.0986099243164
2022-04-18,73.19055938720703
2022-04-19,74.68011474609375
2022-04-20,73.71466827392578
2022-04-21,72.60208129882812
2022-04-22,71.64583587646484
2022-04-23,71.64583587646484
2022-04-24,71.64583587646484
2022-04-25,71.70101928710938
2022-04-26,69.54022216796875
2022-04-27,68.7219009399414
2022-04-28,70.41373443603516
2022-04-29,68.62995147705078
2022-04-30,68.62995147705078
2022-05-01,68.62995147705078
2022-05-02,69.30115509033203
2022-05-03,68.34490203857422
2022-05-04,75.06629180908203
2022-05-05,71.24127197265625
2022-05-06,70.35855865478516
2022-05-07,70.35855865478516
2022-05-08,70.35855865478516
2022-05-09,67.57254791259766
2022-05-10,66.07380676269531
2022-05-11,64.41870880126953
2022-05-12,64.72428894042969
2022-05-13,70.00225067138672
2022-05-14,70.00225067138672
2022-05-15,70.00225067138672
2022-05-16,67.05768585205078
2022-05-17,68.26144409179688
2022-05-18,66.00211334228516
2022-05-19,66.6039810180664
2022-05-20,67.95587921142578
2022-05-21,67.95587921142578
2022-05-22,67.95587921142578
2022-05-23,67.98365783691406
2022-05-24,67.33548736572266
2022-05-25,67.11325073242188
2022-05-26,68.97443389892578
2022-05-27,71.03005981445312
2022-05-28,71.03005981445312
2022-05-29,71.03005981445312
2022-05-30,71.03005981445312
2022-05-31,72.68751525878906
2022-06-01,70.63188171386719
2022-06-02,73.53939819335938
2022-06-03,73.19679260253906
2022-06-04,73.19679260253906
2022-06-05,73.19679260253906
2022-06-06,73.13197326660156
2022-06-07,73.58570098876953
2022-06-08,72.65972137451172
2022-06-09,73.0671615600586
2022-06-10,70.06705474853516
2022-06-11,70.06705474853516
2022-06-12,70.06705474853516
2022-06-13,67.00213623046875
2022-06-14,66.95584106445312
2022-06-15,68.6966323852539
2022-06-16,65.69654846191406
2022-06-17,66.54842376708984
2022-06-18,66.54842376708984
2022-06-19,66.54842376708984
2022-06-20,66.54842376708984
2022-06-21,67.5577163696289
2022-06-22,67.87254333496094
2022-06-23,69.63185119628906
2022-06-24,72.32638549804688
2022-06-25,72.32638549804688
2022-06-26,72.32638549804688
2022-06-27,71.92823791503906
2022-06-28,70.68744659423828
2022-06-29,70.77078247070312
2022-06-30,70.73374938964844
2022-07-01,73.39122772216797
2022-07-02,73.39122772216797
2022-07-03,73.39122772216797
2022-07-04,73.39122772216797
2022-07-05,73.63198852539062
2022-07-06,73.0208511352539
2022-07-07,73.37271118164062
2022-07-08,73.40975189208984
2022-07-09,73.40975189208984
2022-07-10,73.40975189208984
2022-07-11,72.13194274902344
2022-07-12,72.00230407714844
2022-07-13,72.15045166015625
2022-07-14,72.40973663330078
2022-07-15,73.72459411621094
2022-07-16,73.72459411621094
2022-07-17,73.72459411621094
2022-07-18,74.28941345214844
2022-07-19,76.43765258789062
2022-07-20,77.10431671142578
2022-07-21,77.35432434082031
2022-07-22,77.40061950683594
2022-07-23,77.40061950683594
2022-07-24,77.40061950683594
2022-07-25,75.46537017822266
2022-07-26,74.36349487304688
2022-07-27,76.8172836303711
2022-07-28,78.4006576538086
2022-07-29,78.50251770019531
2022-07-30,78.50251770019531
2022-07-31,78.50251770019531
2022-08-01,78.62287902832031
2022-08-02,77.51173400878906
2022-08-03,80.80812072753906
2022-08-04,80.44701385498047
2022-08-05,79.38216400146484
2022-08-06,79.38216400146484
2022-08-07,79.38216400146484
2022-08-08,79.37291717529297
2022-08-09,78.55805969238281
2022-08-10,80.08589935302734
2022-08-11,81.26854705810547
2022-08-12,82.23704528808594
2022-08-13,82.23704528808594
2022-08-14,82.23704528808594
2022-08-15,83.02857971191406
2022-08-16,83.25209045410156
2022-08-17,82.2742919921875
2022-08-18,82.46053314208984
2022-08-19,80.942626953125
2022-08-20,80.942626953125
2022-08-21,80.942626953125
2022-08-22,79.10810089111328
2022-08-23,78.86598205566406
2022-08-24,80.1324691772461
2022-08-25,81.38031768798828
2022-08-26,78.27930450439453
2022-08-27,78.27930450439453
2022-08-28,78.27930450439453
2022-08-29,78.33518981933594
2022-08-30,77.67400360107422
2022-08-31,78.28862762451172
2022-09-01,79.52715301513672
2022-09-02,77.23632049560547
2022-09-03,77.23632049560547
2022-09-04,77.23632049560547
2022-09-05,77.23632049560547
2022-09-06,78.70769500732422
2022-09-07,82.23704528808594
2022-09-08,83.3079605102539
2022-09-09,82.59092712402344
2022-09-10,82.59092712402344
2022-09-11,82.59092712402344
2022-09-12,82.94479370117188
2022-09-13,81.79936218261719
2022-09-14,86.32514953613281
2022-09-15,85.87815856933594
2022-09-16,85.03075408935547
2022-09-17,85.03075408935547
2022-09-18,85.03075408935547
2022-09-19,85.80366516113281
2022-09-20,84.54649353027344
2022-09-21,82.50708770751953
2022-09-22,78.87529754638672
2022-09-23,78.3817367553711
2022-09-24,78.3817367553711
2022-09-25,78.3817367553711
2022-09-26,78.97772216796875
2022-09-27,78.48416137695312
2022-09-28,81.11956787109375
2022-09-29,80.61669921875
2022-09-30,78.46554565429688
2022-10-01,78.46554565429688
2022-10-02,78.46554565429688
2022-10-03,79.73204040527344
2022-10-04,82.42329406738281
2022-10-05,83.9225845336914
2022-10-06,83.20551300048828
2022-10-07,81.04507446289062
2022-10-08,81.04507446289062
2022-10-09,81.04507446289062
2022-10-10,81.072998046875
2022-10-11,80.28145599365234
2022-10-12,80.89606475830078
2022-10-13,83.22415924072266
2022-10-14,80.43045043945312
2022-10-15,80.43045043945312
2022-10-16,80.43045043945312
2022-10-17,82.78646850585938
2022-10-18,82.84232330322266
2022-10-19,81.50137329101562
2022-10-20,80.82158660888672
2022-10-21,82.51640319824219
2022-10-22,82.51640319824219
2022-10-23,82.51640319824219
2022-10-24,77.99993896484375
2022-10-25,79.35022735595703
2022-10-26,79.98346710205078
2022-10-27,79.41542053222656
2022-10-28,81.1102523803711
2022-10-29,81.1102523803711
2022-10-30,81.1102523803711
2022-10-31,80.63532257080078
2022-11-01,81.1102523803711
2022-11-02,78.7635498046875
2022-11-03,78.85665893554688
2022-11-04,85.54292297363281
2022-11-05,85.54292297363281
2022-11-06,85.54292297363281
2022-11-07,84.22986602783203
2022-11-08,86.37171173095703
2022-11-09,85.81912994384766
2022-11-10,90.15550994873047
2022-11-11,91.2044677734375
2022-11-12,91.2044677734375
2022-11-13,91.2044677734375
2022-11-14,91.24195098876953
2022-11-15,91.62593841552734
2022-11-16,90.91413879394531
2022-11-17,90.82048034667969
2022-11-18,91.73833465576172
2022-11-19,91.73833465576172
2022-11-20,91.73833465576172
2022-11-21,92.08486938476562
2022-11-22,92.18789672851562
2022-11-23,93.20875549316406
2022-11-24,93.20875549316406
2022-11-25,93.24623107910156
2022-11-26,93.24623107910156
2022-11-27,93.24623107910156
2022-11-28,92.4033203125
2022-11-29,92.4033203125
2022-11-30,95.71880340576172
2022-12-01,96.81462097167969
2022-12-02,98.3880844116211
2022-12-03,98.3880844116211
2022-12-04,98.3880844116211
2022-12-05,96.98320770263672
2022-12-06,95.6064224243164
2022-12-07,95.40973663330078
2022-12-08,97.1611557006836
2022-12-09,95.33480834960938
2022-12-10,95.33480834960938
2022-12-11,95.33480834960938
2022-12-12,96.18709564208984
2022-12-13,95.63451385498047
2022-12-14,95.70945739746094
2022-12-15,93.64895629882812
2022-12-16,92.5625228881836
2022-12-17,92.5625228881836
2022-12-18,92.5625228881836
2022-12-19,92.0661392211914
2022-12-20,91.78516387939453
2022-12-21,92.41267395019531
2022-12-22,91.56038665771484
2022-12-23,92.03804016113281
2022-12-24,92.03804016113281
2022-12-25,92.03804016113281
2022-12-26,92.03804016113281
2022-12-27,92.9090576171875
2022-12-28,92.34711456298828
2022-12-29,93.44290161132812
2022-12-30,92.9090576171875
2022-12-31,92.9090576171875
2023-01-01,92.9090576171875
2023-01-02,92.9090576171875
2023-01-03,94.4356918334961
2023-01-04,97.83550262451172
2023-01-05,97.80741119384766
2023-01-06,99.92406463623047
2023-01-07,99.92406463623047
2023-01-08,99.92406463623047
2023-01-09,98.09774017333984
2023-01-10,99.27783203125
2023-01-11,99.55880737304688
2023-01-12,99.13734436035156
2023-01-13,100.42982482910156
2023-01-14,100.42982482910156
2023-01-15,100.42982482910156
2023-01-16,100.42982482910156
2023-01-17,99.98027801513672
2023-01-18,98.34123229980469
2023-01-19,97.64817810058594
2023-01-20,98.37870788574219
2023-01-21,98.37870788574219
2023-01-22,98.37870788574219
2023-01-23,99.4745101928711
2023-01-24,99.87725067138672
2023-01-25,100.19567108154297
2023-01-26,101.86280059814453
2023-01-27,102.10630798339844
2023-01-28,102.10630798339844
2023-01-29,102.10630798339844
2023-01-30,101.52561950683594
2023-01-31,102.21868896484375
2023-02-01,103.01478576660156
2023-02-02,102.22806549072266
2023-02-03,97.68563079833984
2023-02-04,97.68563079833984
2023-02-05,97.68563079833984
2023-02-06,98.35997009277344
2023-02-07,100.05518341064453
2023-02-08,99.55880737304688
2023-02-09,99.82234191894531
2023-02-10,100.80128479003906
2023-02-11,100.80128479003906
2023-02-12,100.80128479003906
2023-02-13,102.1473159790039
2023-02-14,101.63902282714844
2023-02-15,102.59912872314453
2023-02-16,101.22486114501953
2023-02-17,100.81069946289062
2023-02-18,100.81069946289062
2023-02-19,100.81069946289062
2023-02-20,100.81069946289062
2023-02-21,98.62694549560547
2023-02-22,98.61752319335938
2023-02-23,97.43152618408203
2023-02-24,95.6336898803711
2023-02-25,95.6336898803711
2023-02-26,95.6336898803711
2023-02-27,96.42434692382812
2023-02-28,96.09490966796875
2023-03-01,95.47364807128906
2023-03-02,96.96089172363281
2023-03-03,98.41045379638672
2023-03-04,98.41045379638672
2023-03-05,98.41045379638672
2023-03-06,98.82459259033203
2023-03-07,97.27149963378906
2023-03-08,96.48081970214844
2023-03-09,94.41001892089844
2023-03-10,93.54405212402344
2023-03-11,93.54405212402344
2023-03-12,93.54405212402344
2023-03-13,93.26166534423828
2023-03-14,93.61935424804688
2023-03-15,93.50639343261719
2023-03-16,94.53238677978516
2023-03-17,92.90396881103516
2023-03-18,92.90396881103516
2023-03-19,92.90396881103516
2023-03-20,93.98644256591797
2023-03-21,94.63593292236328
2023-03-22,93.29931640625
2023-03-23,92.64041137695312
2023-03-24,92.56511688232422
2023-03-25,92.56511688232422
2023-03-26,92.56511688232422
2023-03-27,92.8663330078125
2023-03-28,92.92279052734375
2023-03-29,94.71124267578125
2023-03-30,95.37012481689453
2023-03-31,98.01509857177734
2023-04-01,98.01509857177734
2023-04-02,98.01509857177734
2023-04-03,98.69283294677734
2023-04-04,97.89274597167969
2023-04-05,98.73988342285156
2023-04-06,98.53280639648438
2023-04-07,98.53280639648438
2023-04-08,98.53280639648438
2023-04-09,98.53280639648438
2023-04-10,98.58929443359375
2023-04-11,99.53057098388672
2023-04-12,99.3988037109375
2023-04-13,100.70716094970703
2023-04-14,101.15898132324219
2023-04-15,101.15898132324219
2023-04-16,101.15898132324219
2023-04-17,101.94963836669922
2023-04-18,101.5731430053711
2023-04-19,100.86717987060547
2023-04-20,100.76363372802734
2023-04-21,101.8366928100586
2023-04-22,101.8366928100586
2023-04-23,101.8366928100586
2023-04-24,102.87210083007812
2023-04-25,102.91915130615234
2023-04-26,104.92407989501953
2023-04-27,106.12889862060547
2023-04-28,107.57848358154297
2023-04-29,107.57848358154297
2023-04-30,107.57848358154297
2023-05-01,107.8326187133789
2023-05-02,107.73848724365234
2023-05-03,97.8551025390625
2023-05-04,98.57044982910156
2023-05-05,100.91423034667969
2023-05-06,100.91423034667969
2023-05-07,100.91423034667969
2023-05-08,100.87657928466797
2023-05-09,100.44359588623047
2023-05-10,100.68833923339844
2023-05-11,99.9220962524414
2023-05-12,100.38562774658203
2023-05-13,100.38562774658203
2023-05-14,100.38562774658203
2023-05-15,100.87752532958984
2023-05-16,99.59101104736328
2023-05-17,99.97886657714844
2023-05-18,101.30321502685547
2023-05-19,99.80857849121094
2023-05-20,99.80857849121094
2023-05-21,99.80857849121094
2023-05-22,97.33961486816406
2023-05-23,94.91796112060547
2023-05-24,94.2273941040039
2023-05-25,93.12062072753906
2023-05-26,93.20576477050781
2023-05-27,93.20576477050781
2023-05-28,93.20576477050781
2023-05-29,93.20576477050781
2023-05-30,92.46790313720703
2023-05-31,92.36386108398438
2023-06-01,92.2503433227539
2023-06-02,94.12334442138672
2023-06-03,94.12334442138672
2023-06-04,94.12334442138672
2023-06-05,94.53009796142578
2023-06-06,92.91250610351562
2023-06-07,92.62873077392578
2023-06-08,93.79225158691406
2023-06-09,92.66655731201172
2023-06-10,92.66655731201172
2023-06-11,92.66655731201172
2023-06-12,93.13954162597656
2023-06-13,93.89632415771484
2023-06-14,95.22067260742188
2023-06-15,95.9017562866211
2023-06-16,96.36528015136719
2023-06-17,96.36528015136719
2023-06-18,96.36528015136719
2023-06-19,96.36528015136719
2023-06-20,95.79769897460938
2023-06-21,96.36528015136719
2023-06-22,95.40039825439453
2023-06-23,93.02603149414062
2023-06-24,93.02603149414062
2023-06-25,93.02603149414062
2023-06-26,92.92198181152344
2023-06-27,93.385498046875
2023-06-28,93.28144073486328
2023-06-29,93.34766387939453
2023-06-30,93.70712280273438
2023-07-01,93.70712280273438
2023-07-02,93.70712280273438
2023-07-03,93.79225158691406
2023-07-04,93.79225158691406
2023-07-05,93.13954162597656
2023-07-06,91.00167083740234
2023-07-07,90.8597640991211
2023-07-08,90.8597640991211
2023-07-09,90.8597640991211
2023-07-10,93.77333068847656
2023-07-11,94.68146514892578
2023-07-12,95.67471313476562
2023-07-13,96.10987091064453
2023-07-14,96.11932373046875
2023-07-15,96.11932373046875
2023-07-16,96.11932373046875
2023-07-17,95.47608184814453
2023-07-18,95.31525421142578
2023-07-19,96.32744598388672
2023-07-20,95.42877197265625
2023-07-21,97.26394653320312
2023-07-22,97.26394653320312
2023-07-23,97.26394653320312
2023-07-24,97.2260971069336
2023-07-25,97.35853576660156
2023-07-26,96.23284912109375
2023-07-27,95.33418273925781
2023-07-28,95.77877807617188
2023-07-29,95.77877807617188
2023-07-30,95.77877807617188
2023-07-31,96.08148193359375
2023-08-01,95.78825378417969
2023-08-02,96.6112289428711
2023-08-03,96.80042266845703
2023-08-04,95.23958587646484
2023-08-05,95.23958587646484
2023-08-06,95.23958587646484
2023-08-07,96.24230194091797
2023-08-08,95.25849914550781
2023-08-09,94.52063751220703
2023-08-10,96.679443359375
2023-08-11,96.0422592163086
2023-08-12,96.0422592163086
2023-08-13,96.0422592163086
2023-08-14,96.06128692626953
2023-08-15,95.13880157470703
2023-08-16,94.13072967529297
2023-08-17,91.83881378173828
2023-08-18,92.46646881103516
2023-08-19,92.46646881103516
2023-08-20,92.46646881103516
2023-08-21,91.73419189453125
2023-08-22,91.36331176757812
2023-08-23,90.51690673828125
2023-08-24,90.18406677246094
2023-08-25,90.80221557617188
2023-08-26,90.80221557617188
2023-08-27,90.80221557617188
2023-08-28,92.28578186035156
2023-08-29,94.29239654541016
2023-08-30,94.37799072265625
2023-08-31,92.66618347167969
2023-09-01,93.19874572753906
2023-09-02,93.19874572753906
2023-09-03,93.19874572753906
2023-09-04,93.19874572753906
2023-09-05,92.09557342529297
2023-09-06,91.24919128417969
2023-09-07,90.4408187866211
2023-09-08,90.61199951171875
2023-09-09,90.61199951171875
2023-09-10,90.61199951171875
2023-09-11,90.98289489746094
2023-09-12,91.52497100830078
2023-09-13,92.1811752319336
2023-09-14,92.39991760253906
2023-09-15,91.51545715332031
2023-09-16,91.51545715332031
2023-09-17,91.51545715332031
2023-09-18,92.01950073242188
2023-09-19,90.62151336669922
2023-09-20,90.49788665771484
2023-09-21,88.538818359375
2023-09-22,89.09040832519531
2023-09-23,89.09040832519531
2023-09-24,89.09040832519531
2023-09-25,88.19644927978516
2023-09-26,87.49269104003906
2023-09-27,86.70336151123047
2023-09-28,86.61776733398438
2023-09-29,86.79846954345703
2023-09-30,86.79846954345703
2023-10-01,86.79846954345703
2023-10-02,86.66532135009766
2023-10-03,85.0961685180664
2023-10-04,86.68435668945312
2023-10-05,87.84457397460938
2023-10-06,88.30106353759766
2023-10-07,88.30106353759766
2023-10-08,88.30106353759766
2023-10-09,88.13938903808594
2023-10-10,88.61489868164062
2023-10-11,87.44514465332031
2023-10-12,86.94111633300781
2023-10-13,86.9981689453125
2023-10-14,86.9981689453125
2023-10-15,86.9981689453125
2023-10-16,89.0618667602539
2023-10-17,89.56588745117188
2023-10-18,89.1569595336914
2023-10-19,89.79412841796875
2023-10-20,89.5754165649414
2023-10-21,89.5754165649414
2023-10-22,89.5754165649414
2023-10-23,89.58491516113281
2023-10-24,89.98434448242188
2023-10-25,89.39472198486328
2023-10-26,88.12986755371094
2023-10-27,87.51172637939453
2023-10-28,87.51172637939453
2023-10-29,87.51172637939453
2023-10-30,88.58636474609375
2023-10-31,87.72093963623047
2023-11-01,86.87454986572266
2023-11-02,95.11026763916016
2023-11-03,97.62094116210938
2023-11-04,97.62094116210938
2023-11-05,97.62094116210938
2023-11-06,98.9333267211914
2023-11-07,98.60047149658203
2023-11-08,99.19009399414062
2023-11-09,97.75575256347656
2023-11-10,99.76383972167969
2023-11-11,99.76383972167969
2023-11-12,99.76383972167969
2023-11-13,98.97972869873047
2023-11-14,100.97826385498047
2023-11-15,101.38943481445312
2023-11-16,102.51778411865234
2023-11-17,100.94956970214844
2023-11-18,100.94956970214844
2023-11-19,100.94956970214844
2023-11-20,99.73516082763672
2023-11-21,99.15185546875
2023-11-22,98.91279602050781
2023-11-23,98.91279602050781
2023-11-24,98.28166961669922
2023-11-25,98.28166961669922
2023-11-26,98.28166961669922
2023-11-27,97.88006591796875
2023-11-28,96.75169372558594
2023-11-29,95.47991180419922
2023-11-30,94.95398712158203
2023-12-01,94.85835266113281
2023-12-02,94.85835266113281
2023-12-03,94.85835266113281
2023-12-04,93.3283920288086
2023-12-05,91.35855865478516
2023-12-06,92.77376556396484
2023-12-07,92.21915435791016
2023-12-08,92.38172149658203
2023-12-09,92.38172149658203
2023-12-10,92.38172149658203
2023-12-11,93.82563018798828
2023-12-12,93.85432434082031
2023-12-13,93.81607055664062
2023-12-14,93.5578842163086
2023-12-15,92.51558685302734
2023-12-16,92.51558685302734
2023-12-17,92.51558685302734
2023-12-18,92.33390808105469
2023-12-19,93.4431381225586
2023-12-20,90.56487274169922
2023-12-21,91.1577377319336
2023-12-22,91.10990905761719
2023-12-23,91.10990905761719
2023-12-24,91.10990905761719
2023-12-25,91.10990905761719
2023-12-26,91.48284912109375
2023-12-27,91.1194839477539
2023-12-28,91.73148345947266
2023-12-29,91.8079833984375
2023-12-30,91.8079833984375
2023-12-31,91.8079833984375
2024-01-01,91.8079833984375
2024-01-02,89.57039642333984
2024-01-03,89.14965057373047
2024-01-04,89.45564270019531
2024-01-05,88.9201431274414
2024-01-06,88.9201431274414
2024-01-07,88.9201431274414
2024-01-08,90.06764221191406
2024-01-09,89.0157699584961
2024-01-10,89.40782165527344
2024-01-11,88.8723373413086
2024-01-12,87.95435333251953
2024-01-13,87.95435333251953
2024-01-14,87.95435333251953
2024-01-15,87.95435333251953
2024-01-16,88.6428451538086
2024-01-17,87.75354766845703
2024-01-18,89.25482940673828
2024-01-19,89.7520751953125
2024-01-20,89.7520751953125
2024-01-21,89.7520751953125
2024-01-22,88.99664306640625
2024-01-23,87.94477844238281
2024-01-24,88.01173400878906
2024-01-25,88.55677795410156
2024-01-26,88.73846435546875
2024-01-27,88.73846435546875
2024-01-28,88.73846435546875
2024-01-29,89.6947021484375
2024-01-30,89.96246337890625
2024-01-31,88.9583969116211
2024-02-01,89.28353118896484
2024-02-02,88.9201431274414
2024-02-03,88.9201431274414
2024-02-04,88.9201431274414
2024-02-05,88.46116638183594
2024-02-06,91.48284912109375
2024-02-07,91.13860321044922
2024-02-08,92.91828155517578
2024-02-09,93.60130310058594
2024-02-10,93.60130310058594
2024-02-11,93.60130310058594
2024-02-12,91.84086608886719
2024-02-13,90.30168151855469
2024-02-14,90.49407958984375
2024-02-15,89.6763916015625
2024-02-16,89.6763916015625
2024-02-17,89.6763916015625
2024-02-18,89.6763916015625
2024-02-19,89.6763916015625
2024-02-20,89.90726470947266
2024-02-21,91.407958984375
2024-02-22,92.13907623291016
2024-02-23,91.98516845703125
2024-02-24,91.98516845703125
2024-02-25,91.98516845703125
2024-02-26,90.69609832763672
2024-02-27,90.55179595947266
2024-02-28,89.46475219726562
2024-02-29,91.29252624511719
2024-03-01,89.6186752319336
2024-03-02,89.6186752319336
2024-03-03,89.6186752319336
2024-03-04,88.94528198242188
2024-03-05,87.75242614746094
2024-03-06,88.16607666015625
2024-03-07,87.49267578125
2024-03-08,87.59849548339844
2024-03-09,87.59849548339844
2024-03-10,87.59849548339844
2024-03-11,88.57011413574219
2024-03-12,88.88755798339844
2024-03-13,88.1275863647461
2024-03-14,88.17569732666016
2024-03-15,86.6942367553711
2024-03-16,86.6942367553711
2024-03-17,86.6942367553711
2024-03-18,87.55040740966797
2024-03-19,88.10835266113281
2024-03-20,89.0799560546875
2024-03-21,88.17569732666016
2024-03-22,87.26181030273438
2024-03-23,87.26181030273438
2024-03-24,87.26181030273438
2024-03-25,87.22332000732422
2024-03-26,86.92511749267578
2024-03-27,88.02178192138672
2024-03-28,87.91596221923828
2024-03-29,87.91596221923828
2024-03-30,87.91596221923828
2024-03-31,87.91596221923828
2024-04-01,88.05062866210938
2024-04-02,85.90541076660156
2024-04-03,85.32821655273438
2024-04-04,84.28927612304688
2024-04-05,83.54853057861328
2024-04-06,83.54853057861328
2024-04-07,83.54853057861328
2024-04-08,83.87562561035156
2024-04-09,83.8178939819336
2024-04-10,82.68274688720703
2024-04-11,82.63465118408203
2024-04-12,81.69189453125
2024-04-13,81.69189453125
2024-04-14,81.69189453125
2024-04-15,81.93240356445312
2024-04-16,82.17289733886719
2024-04-17,82.93286895751953
2024-04-18,83.83714294433594
2024-04-19,84.27963256835938
2024-04-20,84.27963256835938
2024-04-21,84.27963256835938
2024-04-22,84.8279800415039
2024-04-23,84.52976989746094
2024-04-24,85.37631225585938
2024-04-25,84.50090789794922
2024-04-26,84.89532470703125
2024-04-27,84.89532470703125
2024-04-28,84.89532470703125
2024-04-29,84.9722900390625
2024-04-30,85.1261978149414
2024-05-01,71.61029815673828
2024-05-02,72.08165740966797
2024-05-03,70.33084106445312
2024-05-04,70.33084106445312
2024-05-05,70.33084106445312
2024-05-06,70.12882995605469
2024-05-07,69.74403381347656
2024-05-08,70.70601654052734
2024-05-09,72.80314636230469
2024-05-10,73.21680450439453
2024-05-11,73.21680450439453
2024-05-12,73.21680450439453
2024-05-13,73.28414154052734
2024-05-14,72.75504302978516
2024-05-15,72.8223876953125
2024-05-16,72.96778106689453
2024-05-17,75.45884704589844
2024-05-18,75.45884704589844
2024-05-19,75.45884704589844
2024-05-20,75.15837097167969
2024-05-21,75.33283996582031
2024-05-22,78.24069213867188
2024-05-23,75.90471649169922
2024-05-24,76.44751739501953
2024-05-25,76.44751739501953
2024-05-26,76.44751739501953
2024-05-27,76.44751739501953
2024-05-28,75.10021209716797
2024-05-29,74.51863098144531
2024-05-30,76.34089660644531
2024-05-31,77.75605773925781
2024-06-01,77.75605773925781
2024-06-02,77.75605773925781
2024-06-03,79.55892181396484
2024-06-04,80.24711608886719
2024-06-05,78.66718292236328
2024-06-06,78.96764373779297
2024-06-07,78.92889404296875
2024-06-08,78.92889404296875
2024-06-09,78.92889404296875
2024-06-10,79.09365844726562
2024-06-11,77.43618774414062
2024-06-12,76.94184875488281
2024-06-13,77.77542877197266
2024-06-14,77.20355987548828
2024-06-15,77.20355987548828
2024-06-16,77.20355987548828
2024-06-17,78.83195495605469
2024-06-18,77.73666381835938
2024-06-19,77.73666381835938
2024-06-20,77.27140808105469
2024-06-21,77.45558166503906
2024-06-22,77.45558166503906
2024-06-23,77.45558166503906
2024-06-24,77.28111267089844
2024-06-25,76.84492492675781
2024-06-26,76.71892547607422
2024-06-27,76.80614471435547
2024-06-28,75.45884704589844
2024-06-29,75.45884704589844
2024-06-30,75.45884704589844
2024-07-01,74.76095581054688
2024-07-02,74.47018432617188
2024-07-03,73.91768646240234
2024-07-04,73.91768646240234
2024-07-05,73.71414184570312
2024-07-06,73.71414184570312
2024-07-07,73.71414184570312
2024-07-08,72.27957916259766
2024-07-09,70.51548767089844
2024-07-10,70.28286743164062
2024-07-11,71.04859924316406
2024-07-12,72.53160095214844
2024-07-13,72.53160095214844
2024-07-14,72.53160095214844
2024-07-15,70.51548767089844
2024-07-16,73.19071960449219
2024-07-17,72.79330444335938
2024-07-18,71.91126251220703
2024-07-19,76.83522033691406
2024-07-20,76.83522033691406
2024-07-21,76.83522033691406
2024-07-22,74.19876861572266
2024-07-23,73.91768646240234
2024-07-24,72.3862075805664
2024-07-25,71.06798553466797
2024-07-26,71.77556610107422
2024-07-27,71.77556610107422
2024-07-28,71.77556610107422
2024-07-29,72.8902359008789
2024-07-30,73.60751342773438
2024-07-31,75.55577087402344
2024-08-01,72.80300903320312
2024-08-02,73.54934692382812
2024-08-03,73.54934692382812
2024-08-04,73.54934692382812
2024-08-05,71.59139251708984
2024-08-06,73.05501556396484
2024-08-07,72.97748565673828
2024-08-08,73.42333984375
2024-08-09,72.78360748291016
2024-08-10,72.78360748291016
2024-08-11,72.78360748291016
2024-08-12,74.66402435302734
2024-08-13,92.95443725585938
2024-08-14,91.015869140625
2024-08-15,91.96576690673828
2024-08-16,92.45333862304688
2024-08-17,92.45333862304688
2024-08-18,92.45333862304688
2024-08-19,90.0057373046875
2024-08-20,90.69808197021484
2024-08-21,90.47380065917969
2024-08-22,90.13249969482422
2024-08-23,91.6829833984375
2024-08-24,91.6829833984375
2024-08-25,91.6829833984375
2024-08-26,93.25296783447266
2024-08-27,96.14913177490234
2024-08-28,92.93115997314453
2024-08-29,92.5020980834961
2024-08-30,92.21930694580078
2024-08-31,92.21930694580078
2024-09-01,92.21930694580078
2024-09-02,92.21930694580078
2024-09-03,90.86386108398438
2024-09-04,90.03498840332031
2024-09-05,89.28411865234375
2024-09-06,88.88432312011719
2024-09-07,88.88432312011719
2024-09-08,88.88432312011719
2024-09-09,89.91796112060547
2024-09-10,91.01988220214844
2024-09-11,95.75907135009766
2024-09-12,96.8122329711914
2024-09-13,96.11988067626953
2024-09-14,96.11988067626953
2024-09-15,96.11988067626953
2024-09-16,93.91605377197266
2024-09-17,94.04283142089844
2024-09-18,93.73078918457031
2024-09-19,94.49139404296875
2024-09-20,93.66252136230469
2024-09-21,93.66252136230469
2024-09-22,93.66252136230469
2024-09-23,93.106689453125
2024-09-24,92.102294921875
2024-09-25,93.24321746826172
2024-09-26,95.04722595214844
2024-09-27,94.9399642944336
2024-09-28,94.9399642944336
2024-09-29,94.9399642944336
2024-09-30,95.06672668457031
2024-10-01,95.00821685791016
2024-10-02,94.10133361816406
2024-10-03,93.18470001220703
2024-10-04,94.17935180664062
2024-10-05,94.17935180664062
2024-10-06,94.17935180664062
2024-10-07,93.70152282714844
2024-10-08,93.81854248046875
2024-10-09,93.49674987792969
2024-10-10,91.54645538330078
2024-10-11,93.1749496459961
2024-10-12,93.1749496459961
2024-10-13,93.1749496459961
2024-10-14,92.40458679199219
2024-10-15,92.67761993408203
2024-10-16,93.08718872070312
2024-10-17,92.90190124511719
2024-10-18,94.43287658691406
2024-10-19,94.43287658691406
2024-10-20,94.43287658691406
2024-10-21,94.05256652832031
2024-10-22,94.41337585449219
2024-10-23,95.22274780273438
2024-10-24,94.73518371582031
2024-10-25,94.89119720458984
2024-10-26,94.89119720458984
2024-10-27,94.89119720458984
2024-10-28,95.58354949951172
2024-10-29,94.96920776367188
2024-10-30,94.90095520019531
2024-10-31,95.27149963378906
2024-11-01,96.41242218017578
2024-11-02,96.41242218017578
2024-11-03,96.41242218017578
2024-11-04,94.61815643310547
2024-11-05,94.67666625976562
2024-11-06,93.69176483154297
2024-11-07,93.73078918457031
2024-11-08,95.12525177001953
2024-11-09,95.12525177001953
2024-11-10,95.12525177001953
2024-11-11,97.8166275024414
2024-11-12,96.34416198730469
2024-11-13,97.3193130493164
2024-11-14,96.76348114013672
2024-11-15,96.56723022460938
2024-11-16,96.56723022460938
2024-11-17,96.56723022460938
2024-11-18,98.50996398925781
2024-11-19,96.4985580444336
2024-11-20,96.4102554321289
2024-11-21,98.1763687133789
2024-11-22,100.5704345703125
2024-11-23,100.5704345703125
2024-11-24,100.5704345703125
2024-11-25,99.9228515625
2024-11-26,98.78469848632812
2024-11-27,99.59906768798828
2024-11-28,99.59906768798828
2024-11-29,100.53118896484375
2024-11-30,100.53118896484375
2024-12-01,100.53118896484375
2024-12-02,99.59906768798828
2024-12-03,99.65794372558594
2024-12-04,98.80431365966797
2024-12-05,97.36199188232422
2024-12-06,98.22542572021484
2024-12-07,98.22542572021484
2024-12-08,98.22542572021484
2024-12-09,97.44048309326172
2024-12-10,96.31214141845703
2024-12-11,96.56723022460938
2024-12-12,95.9785385131836
2024-12-13,95.58606719970703
2024-12-14,95.58606719970703
2024-12-15,95.58606719970703
2024-12-16,91.36701965332031
2024-12-17,90.35639953613281
2024-12-18,88.20762634277344
2024-12-19,87.0890884399414
2024-12-20,86.31396484375
2024-12-21,86.31396484375
2024-12-22,86.31396484375
2024-12-23,85.7939453125
2024-12-24,88.21744537353516
2024-12-25,88.21744537353516
2024-12-26,90.13072967529297
2024-12-27,90.51338958740234
2024-12-28,90.51338958740234
2024-12-29,90.51338958740234
2024-12-30,88.87483215332031
2024-12-31,89.53221893310547
2025-01-01,89.53221893310547
2025-01-02,90.43489837646484
2025-01-03,90.8371810913086
2025-01-04,90.8371810913086
2025-01-05,90.8371810913086
2025-01-06,91.37681579589844
2025-01-07,91.09227752685547
2025-01-08,90.85679626464844
2025-01-09,90.85679626464844
2025-01-10,90.51338958740234
2025-01-11,90.51338958740234
2025-01-12,90.51338958740234
2025-01-13,91.74967193603516
2025-01-14,91.31794738769531
2025-01-15,91.32776641845703
2025-01-16,92.65235137939453
2025-01-17,93.33917236328125
2025-01-18,93.33917236328125
2025-01-19,93.33917236328125
2025-01-20,93.33917236328125
2025-01-21,96.13552856445312
2025-01-22,95.8902359008789
2025-01-23,96.14532470703125
2025-01-24,96.94989776611328
2025-01-25,96.94989776611328
2025-01-26,96.94989776611328
2025-01-27,98.13711547851562
2025-01-28,98.51978302001953
2025-01-29,106.53598022460938
2025-01-30,106.94807434082031
2025-01-31,105.65292358398438
2025-02-01,105.65292358398438
2025-02-02,105.65292358398438
2025-02-03,106.12389373779297
2025-02-04,108.51795196533203
2025-02-05,110.13688659667969
2025-02-06,109.59724426269531
2025-02-07,110.08782196044922
2025-02-08,110.08782196044922
2025-02-09,110.08782196044922
2025-02-10,109.35194396972656
2025-02-11,108.93984985351562
2025-02-12,110.91201782226562
2025-02-13,110.87277221679688
2025-02-14,111.03060913085938
2025-02-15,111.03060913085938
2025-02-16,111.03060913085938
2025-02-17,111.03060913085938
2025-02-18,111.50413513183594
2025-02-19,110.9714126586914
2025-02-20,111.80994415283203
2025-02-21,110.24140930175781
2025-02-22,110.24140930175781
2025-02-23,110.24140930175781
2025-02-24,111.66197204589844
2025-02-25,113.0430679321289
2025-02-26,111.47453308105469
2025-02-27,112.94441986083984
2025-02-28,114.24659729003906
2025-03-01,114.24659729003906
2025-03-02,114.24659729003906
2025-03-03,113.85200500488281
2025-03-04,110.5472183227539
2025-03-05,110.18222045898438
2025-03-06,104.04618835449219
2025-03-07,105.04255676269531
2025-03-08,105.04255676269531
2025-03-09,105.04255676269531
2025-03-10,99.7647705078125
2025-03-11,98.23570251464844
2025-03-12,97.35771942138672
2025-03-13,94.74349212646484
2025-03-14,96.7855453491211
2025-03-15,96.7855453491211
2025-03-16,96.7855453491211
2025-03-17,97.7424545288086
2025-03-18,96.95325469970703
2025-03-19,97.85096740722656
2025-03-20,97.93974304199219
2025-03-21,95.75958251953125
2025-03-22,95.75958251953125
2025-03-23,95.75958251953125
2025-03-24,94.42781066894531
2025-03-25,94.58564758300781
2025-03-26,96.6474380493164
2025-03-27,97.51554870605469
2025-03-28,96.41068267822266
2025-03-29,96.41068267822266
2025-03-30,96.41068267822266
2025-03-31,96.76581573486328
2025-04-01,96.90392303466797
2025-04-02,98.06800079345703
2025-04-03,87.06851959228516
2025-04-04,80.9916763305664
2025-04-05,80.9916763305664
2025-04-06,80.9916763305664
2025-04-07,78.9200210571289
2025-04-08,78.61421203613281
2025-04-09,87.48284912109375
2025-04-10,83.45792388916016
2025-04-11,84.27672576904297
2025-04-12,84.27672576904297
2025-04-13,84.27672576904297
2025-04-14,84.3359146118164
2025-04-15,82.57994079589844
2025-04-16,79.66976928710938
2025-04-17,80.3997802734375
2025-04-18,80.3997802734375
2025-04-19,80.3997802734375
2025-04-20,80.3997802734375
2025-04-21,79.5908432006836
2025-04-22,80.64640045166016
2025-04-23,81.69208526611328
2025-04-24,82.72791290283203
2025-04-25,82.6785888671875
2025-04-26,82.6785888671875
2025-04-27,82.6785888671875
2025-04-28,82.76737976074219
2025-04-29,83.70455169677734
2025-04-30,78.96935272216797
2025-05-01,80.90289306640625
2025-05-02,83.54671478271484
2025-05-03,83.54671478271484
2025-05-04,83.54671478271484
2025-05-05,80.5576171875
2025-05-06,81.6624984741211
2025-05-07,81.59343719482422
2025-05-08,81.08045959472656
2025-05-09,79.21597290039062
2025-05-10,79.21597290039062
2025-05-11,79.21597290039062
2025-05-12,84.51348114013672
2025-05-13,85.70714569091797
2025-05-14,85.37174224853516
2025-05-15,86.08201599121094
2025-05-16,85.00909423828125
2025-05-17,85.00909423828125
2025-05-18,85.00909423828125
2025-05-19,84.05538940429688
2025-05-20,85.02896118164062
2025-05-21,82.43608093261719
2025-05-22,83.41958618164062
2025-05-23,83.84677124023438
2025-05-24,83.84677124023438
2025-05-25,83.84677124023438
2025-05-26,83.84677124023438
2025-05-27,86.43965911865234
2025-05-28,85.436279296875
2025-05-29,83.49906158447266
2025-05-30,83.39971160888672
2025-05-31,83.39971160888672
2025-06-01,83.39971160888672
2025-06-02,84.631591796875
2025-06-03,86.03234100341797
2025-06-04,87.5324478149414
2025-06-05,86.41978454589844
2025-06-06,89.05242156982422
2025-06-07,89.05242156982422
2025-06-08,89.05242156982422
2025-06-09,90.07566833496094
2025-06-10,90.8306884765625
2025-06-11,94.76472473144531
2025-06-12,93.70174407958984
2025-06-13,92.64868927001953
2025-06-14,92.64868927001953
2025-06-15,92.64868927001953
2025-06-16,92.86724853515625
2025-06-17,90.98963165283203
2025-06-18,91.67510986328125
2025-06-19,91.67510986328125
2025-06-20,92.50961303710938
2025-06-21,92.50961303710938
2025-06-22,92.50961303710938
2025-06-23,91.7347183227539
2025-06-24,90.90022277832031
2025-06-25,90.50284576416016
2025-06-26,91.23799133300781
2025-06-27,91.5062255859375
2025-06-28,91.5062255859375
2025-06-29,91.5062255859375
2025-06-30,91.02937316894531
2025-07-01,94.29780578613281
2025-07-02,93.56266021728516
2025-07-03,93.82096099853516
2025-07-04,93.82096099853516
2025-07-05,93.82096099853516
2025-07-06,93.82096099853516
2025-07-07,93.02619934082031
2025-07-08,94.31768035888672
2025-07-09,94.62564849853516
2025-07-10,94.52630615234375
2025-07-11,94.31768035888672
2025-07-12,94.31768035888672
2025-07-13,94.31768035888672
2025-07-14,92.8076400756836
2025-07-15,91.87380981445312
2025-07-16,91.90361022949219
2025-07-17,92.57914733886719
2025-07-18,93.18515014648438
2025-07-19,93.18515014648438
2025-07-20,93.18515014648438
2025-07-21,92.05262756347656
2025-07-22,96.30457305908203
2025-07-23,95.29125213623047
2025-07-24,93.08580017089844
2025-07-25,93.80108642578125
2025-07-26,93.80108642578125
2025-07-27,93.80108642578125
2025-07-28,93.05599975585938
2025-07-29,92.35065460205078
2025-07-30,92.15196990966797
2025-07-31,88.57556915283203
2025-08-01,86.29064178466797
2025-08-02,86.29064178466797
2025-08-03,86.29064178466797
2025-08-04,89.19149780273438
2025-08-05,89.6087417602539
2025-08-06,88.40667724609375
2025-08-07,90.42337036132812
2025-08-08,91.51616668701172
2025-08-09,91.51616668701172
2025-08-10,91.51616668701172
2025-08-11,91.1386489868164
2025-08-12,92.75797271728516
2025-08-13,93.56266021728516
2025-08-14,92.44999694824219
2025-08-15,90.5999984741211
2025-08-16,90.5999984741211
2025-08-17,90.5999984741211
2025-08-18,92.54000091552734
2025-08-19,90.93000030517578
2025-08-20,89.51000213623047
2025-08-21,88.55999755859375
2025-08-22,88.37999725341797
2025-08-23,88.37999725341797
2025-08-24,88.37999725341797
2025-08-25,85.80999755859375
2025-08-26,86.62999725341797
2025-08-27,87.66000366210938
2025-08-28,88.0199966430664
2025-08-29,88.19000244140625
2025-08-30,88.19000244140625
2025-08-31,88.19000244140625
2025-09-01,88.19000244140625
2025-09-02,89.77999877929688
2025-09-03,87.25
2025-09-04,87.01000213623047
2025-09-05,85.43000030517578
2025-09-06,85.43000030517578
2025-09-07,85.43000030517578
2025-09-08,84.16999816894531
2025-09-09,83.80999755859375
2025-09-10,82.87999725341797
2025-09-11,82.36000061035156
2025-09-12,81.9000015258789
2025-09-13,81.9000015258789
2025-09-14,81.9000015258789
2025-09-15,82.68000030517578
2025-09-16,84.37000274658203
2025-09-17,83.22000122070312
2025-09-18,83.41999816894531
2025-09-19,84.55999755859375
2025-09-20,84.55999755859375
2025-09-21,84.55999755859375
2025-09-22,85.29000091552734
2025-09-23,85.69000244140625
2025-09-24,84.2699966430664
2025-09-25,83.83000183105469
2025-09-26,83.38999938964844
2025-09-27,83.38999938964844
2025-09-28,83.38999938964844
2025-09-29,85.63999938964844
2025-09-30,84.5999984741211
2025-10-01,84.4000015258789
2025-10-02,86.72000122070312
2025-10-03,86.41999816894531
2025-10-04,86.41999816894531
2025-10-05,86.41999816894531
2025-10-06,82.11000061035156
2025-10-07,81.29000091552734
2025-10-08,80.04000091552734
2025-10-09,79.77999877929688
2025-10-10,78.45999908447266
2025-10-11,78.45999908447266
2025-10-12,78.45999908447266
2025-10-13,80.02999877929688
2025-10-14,81.1500015258789
2025-10-15,82.86000061035156
2025-10-16,84.33999633789062
2025-10-17,85.36000061035156
2025-10-18,85.36000061035156
2025-10-19,85.36000061035156
2025-10-20,84.52999877929688
2025-10-21,85.9000015258789
